title,author,isbn,avg rating,shelves,date added
"Black Sea: Dispatches and Recipes, Through Darkness and Light","Eden, Caroline",1787131319,4.08,"to-read, xmas-wish-list
[edit]","Nov 20, 2020"
Convenience Store Woman,"Murata, Sayaka",,3.72,"to-read, xmas-wish-list
[edit]","Nov 20, 2020"
Shuggie Bain,"Stuart, Douglas",802148042,4.43,"to-read, xmas-wish-list
[edit]","Nov 08, 2020"
Hamnet,"O'Farrell, Maggie *",525657606,4.37,"to-read, xmas-wish-list
[edit]","Oct 31, 2020"
A Long Petal of the Sea,"Allende, Isabel *",198482015X,4.08,"to-read, xmas-wish-list
[edit]","Oct 31, 2020"
The Adventurer's Son,"Dial, Roman *",62876600,3.92,"to-read, xmas-wish-list
[edit]","Oct 31, 2020"
Two Lives,"Seth, Vikram",60599677,3.66,"to-read, xmas-wish-list
[edit]","Sep 13, 2020"
The Yellow House,"Broom, Sarah M.",802125085,3.94,"to-read, xmas-wish-list
[edit]","Aug 02, 2020"
"Grief Works: Stories of Life, Death and Surviving","Samuel, Julia",024127074X,3.91,"to-read, xmas-wish-list
[edit]","Jul 05, 2020"
A Ladder to the Sky,"Boyne, John",1984823019,4.21,"to-read, xmas-wish-list
[edit]","Jul 03, 2020"
Uncanny Valley,"Wiener, Anna *",374278016,3.68,"to-read, xmas-wish-list
[edit]","Jun 28, 2020"
"The Art of Dying (Raven, Fisher, and Simpson, #2)","Parry, Ambrose",,4.17,"to-read, xmas-wish-list
[edit]","Jun 28, 2020"
To the Lake: A Balkan Journey of War and Peace,"Kassabova, Kapka *",1644450267,4.3,"to-read, xmas-wish-list
[edit]","Jun 28, 2020"
The Labyrinth of the Spirits,"Ruiz Zafón, Carlos",1443457132,4.49,"to-read, xmas-wish-list
[edit]","Jun 21, 2020"
"The Secret Commonwealth (The Book of Dust, #2)","Pullman, Philip",1448194512,4.07,"to-read, xmas-wish-list
[edit]","May 22, 2020"
Waterlog,"Deakin, Roger",99282550,4.32,"to-read, xmas-wish-list
[edit]","Apr 19, 2020"
More Lives Than One: A Biography of Hans Fallada,"Williams, Jenny",,4.19,"to-read, xmas-wish-list
[edit]","Feb 29, 2020"
My Wild and Sleepless Nights: A Mother's Story,"Stroud, Clover",857525905,4.1,"to-read, xmas-wish-list
[edit]","Feb 22, 2020"
Being Mortal: Medicine and What Matters in the End,"Gawande, Atul",805095152,4.43,"to-read, xmas-wish-list
[edit]","Feb 02, 2020"
Two Caravans,"Lewycka, Marina",1905490321,3.51,"to-read, queued
[edit]","Aug 15, 2019"
I Never Said I Loved You,"Samadder, Rhik",,4.07,"to-read, library
[edit]","Sep 29, 2019"
"Moby-Dick or, the Whale","Melville, Herman",142437247,3.51,"to-read, library
[edit]","Aug 15, 2019"
Grime Kids: The Inside Story of the Global Grime Takeover,"Target, Dj",1409179516,3.95,"to-read, library
[edit]","Aug 15, 2019"
Afropean: Notes from Black Europe,"Pitts, Johny",141984724,4.3,"to-read, library
[edit]","Jul 03, 2019"
The Book You Wish Your Parents Had Read,"Perry, Philippa",,4.11,"to-read, library
[edit]","Jul 03, 2019"
The Age of Surveillance Capitalism: The Fight for a Human Future at the New Frontier of Power,"Zuboff, Shoshana",1610395697,4.07,"to-read, library
[edit]","Jul 03, 2019"
Political Tribes: Group Instinct and the Fate of Nations,"Chua, Amy",399562850,4.21,"to-read, library
[edit]","Jul 03, 2019"
"Middle England (Rotters' Club, #3)","Coe, Jonathan *",241309468,3.95,"to-read, library
[edit]","Jun 21, 2019"
Three Women,"Taddeo, Lisa *",1451642296,3.69,"to-read, library
[edit]","May 14, 2019"
Beyond A Boundary,"James, C.L.R.",022407427X,4.14,"to-read, library
[edit]","Mar 23, 2019"
The Black Jacobins: Toussaint L'Ouverture and the San Domingo Revolution,"James, C.L.R.",679724672,4.33,"to-read, library
[edit]","Mar 23, 2019"
Ottolenghi SIMPLE,"Ottolenghi, Yotam *",1785031163,4.39,"to-read, library
[edit]","Mar 09, 2019"
Our Man in Havana,"Greene, Graham",140184937,3.94,"to-read, library
[edit]","Mar 04, 2019"
The Heart of the Matter,"Greene, Graham",99478420,3.98,"to-read, library
[edit]","Mar 04, 2019"
Middlesex,"Eugenides, Jeffrey",312422156,4.01,"to-read, library
[edit]","Feb 26, 2019"
The Argonauts,"Nelson, Maggie",1555977073,4.02,"to-read, library
[edit]","Feb 01, 2019"
"Bluebird, Bluebird (Highway 59, #1)","Locke, Attica",,3.84,"to-read, library
[edit]","Jan 19, 2019"
Ten Arguments For Deleting Your Social Media Accounts Right Now,"Lanier, Jaron",1847925391,3.6,"to-read, library
[edit]","Nov 27, 2018"
Calypso,"Sedaris, David",316392383,4.1,"to-read, library
[edit]","Nov 02, 2018"
Transcription,"Atkinson, Kate",031617663X,3.49,"to-read, library
[edit]","Nov 02, 2018"
Books v. Cigarettes,"Orwell, George",141036613,3.9,"to-read, library
[edit]","Sep 02, 2018"
Why I Write,"Orwell, George",143036351,4.03,"to-read, library
[edit]","Sep 02, 2018"
Coming Up for Air,"Orwell, George",156196255,3.79,"to-read, library
[edit]","Sep 02, 2018"
The Road to Lichfield,"Lively, Penelope",802136257,3.81,"to-read, library
[edit]","Jul 03, 2018"
"To Be a Machine : Adventures Among Cyborgs, Utopians, Hackers, and the Futurists Solving the Modest Problem of Death","O'Connell, Mark",385540418,3.79,"to-read, library
[edit]","Jul 03, 2018"
Feel Free: Essays,"Smith, Zadie",,3.83,"to-read, library
[edit]","Jul 02, 2018"
The Wife,"Wolitzer, Meg",743456661,3.69,"to-read, library
[edit]","Jun 06, 2018"
Man's Search for Meaning,"Frankl, Viktor E.",080701429X,4.36,"to-read, library
[edit]","Mar 11, 2018"
Lincoln in the Bardo,"Saunders, George",812995341,3.75,"to-read, library
[edit]","Dec 08, 2017"
"Believe Me: A Memoir of Love, Death, and Jazz Chickens","Izzard, Eddie",399175830,3.83,"to-read, library
[edit]","Nov 22, 2017"
Redemption Road,"Hart, John *",312380364,4.08,"to-read, library
[edit]","Apr 26, 2017"
"Things Fall Apart (The African Trilogy, #1)","Achebe, Chinua",,3.69,"to-read, library
[edit]","Feb 21, 2017"
The Examined Life: How We Lose and Find Ourselves,"Grosz, Stephen",393349322,3.92,"to-read, library
[edit]","Nov 23, 2016"
The Lives of Others,"Mukherjee, Neel",393351718,3.66,"to-read, library
[edit]","May 01, 2016"
The Grapes of Wrath,"Steinbeck, John",067001690X,3.97,"to-read, library
[edit]","May 01, 2016"
"Natural: How Faith in Nature's Goodness Leads to Harmful Fads, Unjust Laws, and Flawed Science","Levinovitz, Alan *",807010871,3.88,"to-read
[edit]","Dec 06, 2020"
A Little History of Poetry,"Carey, John",300232225,3.81,"to-read
[edit]","Dec 06, 2020"
The Madman's Library: The Greatest Curiosities of Literature,"Brooke-Hitching, Edward",1471166910,4.42,"to-read
[edit]","Dec 06, 2020"
A World Beneath the Sands: The Golden Age of Egyptology,"Wilkinson, Toby",1324006897,4.02,"to-read
[edit]","Dec 06, 2020"
A Place For Everything: The Curious History of Alphabetical Order,"Flanders, Judith *",,3.42,"to-read
[edit]","Dec 06, 2020"
Scoff: A History of Food and Class in Britain,"Vogler, Pen",178649647X,3.45,"to-read
[edit]","Dec 06, 2020"
Wayfinding: The Art and Science of How We Find and Lose Our Way,"Bond, Michael",,3.71,"to-read
[edit]","Nov 29, 2020"
Hidden Valley Road: Inside the Mind of an American Family,"Kolker, Robert *",038554376X,4.15,"to-read
[edit]","Nov 29, 2020"
The Idea of the Brain: The Past and Future of Neuroscience,"Cobb, Matthew",1541646851,4.19,"to-read
[edit]","Nov 29, 2020"
Burning the Books: A History of the Deliberate Destruction of Knowledge,"Ovenden, Richard",674241207,3.99,"to-read
[edit]","Nov 29, 2020"
Footprints: In Search of Future Fossils,"Farrier, David",374157332,3.96,"to-read
[edit]","Nov 29, 2020"
Magdalena: River of Dreams,"Davis, Wade",073527892X,4.24,"to-read
[edit]","Nov 29, 2020"
Unofficial Britain: Journeys Through Unexpected Places,"Rees, Gareth E. *",,4.28,"to-read
[edit]","Nov 29, 2020"
The Lost Pianos of Siberia,"Roberts, Sophy",802149286,4.14,"to-read
[edit]","Nov 29, 2020"
"Home Cookery Year: Four Seasons, Over 200 Recipes for All Possible Occasions","Thomson, Claire",1787134873,2.5,"to-read
[edit]","Nov 29, 2020"
Carpathia: Food from the heart of Romania,"Georgescu, Irina *",711241821,4.45,"to-read
[edit]","Nov 29, 2020"
The Roasting Tin Around the World: Global One Dish Dinners,"Iyer, Rukmini",1473572142,4.65,"to-read
[edit]","Nov 29, 2020"
Stranger in the Shogun's City: A Japanese Woman and Her World,"Stanley, Amy *",1501188526,3.74,"to-read
[edit]","Nov 29, 2020"
The Hungover Games: A True Story,"Heawood, Sophie",316499064,3.85,"to-read
[edit]","Nov 29, 2020"
The Devil and the Dark Water,"Turton, Stuart *",1728206022,3.95,"to-read
[edit]","Nov 29, 2020"
The Mission House,"Davies, Carys *",178378430X,3.92,"to-read
[edit]","Nov 29, 2020"
The Lying Life of Adults,"Ferrante, Elena",1609455916,3.72,"to-read
[edit]","Nov 29, 2020"
Cathedrals of Steam: How London’s Great Stations Were Built – And How They Transformed the City,"Wolmar, Christian",1786499207,5,"to-read
[edit]","Nov 20, 2020"
A Tomb With a View: The stories & glories of graveyards,"Ross, Peter",,4.44,"to-read
[edit]","Nov 20, 2020"
Red Sands: Dispatches and Recipes from Unsung Cities and Open Steppe,"Eden, Caroline",1787134822,3.4,"to-read
[edit]","Nov 20, 2020"
"Head, Hand, Heart: Why Intelligence Is Over-Rewarded, Manual Workers Matter, and Caregivers Deserve More Respect","Goodhart, David",1982128445,3.98,"to-read
[edit]","Nov 20, 2020"
Frank Ramsey: A Sheer Excess of Powers,"Misak, Cheryl",019875535X,4.26,"to-read
[edit]","Nov 20, 2020"
The Ice: A Journey to Antarctica,"Pyne, Stephen J.",075381773X,3.81,"to-read
[edit]","Nov 20, 2020"
The Discomfort of Evening,"Rijneveld, Marieke Lucas",571349366,3.49,"to-read
[edit]","Nov 20, 2020"
Marking Time: Art in the Age of Mass Incarceration,"Fleetwood, Nicole R",067491922X,4.76,"to-read
[edit]","Nov 20, 2020"
Twilight of Democracy: The Seductive Lure of Authoritarianism,"Applebaum, Anne",771005857,4.04,"to-read
[edit]","Nov 20, 2020"
Underground Asia: Global Revolutionaries and the Overthrow of Europe's Empires in the East,"Harper, Tim",1846145627,0,"to-read
[edit]","Nov 20, 2020"
Boom and Bust: A Global History of Financial Bubbles,"Quinn, William",1108421253,4.44,"to-read
[edit]","Nov 16, 2020"
What Do We Know and What Should We Do about Social Mobility?,"Major, Lee Elliot",1529732042,0,"to-read
[edit]","Nov 16, 2020"
"Money for Nothing: The Scientists, Fraudsters, and Corrupt Politicians Who Reinvented Money, Panicked a Nation, and Made the World Rich","Levenson, Thomas",812998464,4.13,"to-read
[edit]","Nov 16, 2020"
"Rentier Capitalism: Who Owns the Economy, and Who Pays for It?","Christophers, Brett",,4.5,"to-read
[edit]","Nov 16, 2020"
Greed Is Dead: Politics After Individualism,"Collier, Paul",241467950,3.78,"to-read
[edit]","Nov 16, 2020"
Bandit Capitalism: Carillion and the Corruption of the British State,"Wylie, Bob",,3.4,"to-read
[edit]","Nov 16, 2020"
If Then: How the Simulmatics Corporation Invented the Future,"Lepore, Jill",1631496107,3.9,"to-read
[edit]","Nov 16, 2020"
No Rules Rules: Netflix and the Culture of Reinvention,"Hastings, Reed",593152387,4.33,"to-read
[edit]","Nov 16, 2020"
Expert: Understanding the Path to Mastery,"Kneebone, Roger",241392039,4.4,"to-read
[edit]","Nov 16, 2020"
Reimagining Capitalism: How Business Can Save the World,"Henderson, Rebecca",241379660,4.33,"to-read
[edit]","Nov 16, 2020"
"Explaining Humans: What Science Can Teach Us about Life, Love and Relationships","Pang, Camilla",241409608,3.87,"to-read
[edit]","Nov 16, 2020"
Nose Dive: A Field Guide to the World's Smells,"McGee, Harold",1594203954,4.33,"to-read
[edit]","Nov 16, 2020"
The Internet in Everything: Freedom and Security in a World with No Off Switch,"DeNardis, Laura",300233078,3.62,"to-read
[edit]","Nov 16, 2020"
Analogia: The Emergence of Technology Beyond Programmable Control,"Dyson, George",374104867,3.37,"to-read
[edit]","Nov 16, 2020"
The Poison Squad: One Chemist's Single-Minded Crusade for Food Safety at the Turn of the Twentieth Century,"Blum, Deborah",1594205140,3.89,"to-read
[edit]","Nov 15, 2020"
The Rise and Fall of the Dinosaurs: A New History of a Lost World,"Brusatte, Stephen *",62490427,4.14,"to-read
[edit]","Nov 15, 2020"
Kiss Myself Goodbye: The Many Lives of Aunt Munca,"Mount, Ferdinand",1472979427,4.49,"to-read
[edit]","Nov 08, 2020"
Falastin: A Cookbook,"Tamimi, Sami",,4.51,"to-read
[edit]","Nov 06, 2020"
Luster,"Leilani, Raven *",374194327,3.64,"to-read
[edit]","Nov 03, 2020"
Between the Woods and the Water,"Fermor, Patrick Leigh",1590171667,4.3,"to-read
[edit]","Nov 02, 2020"
A Time of Gifts,"Fermor, Patrick Leigh",1590171659,4.06,"to-read
[edit]","Nov 02, 2020"
You're Not Listening: What You're Missing and Why It Matters,"Murphy, Kate *",1250297192,4.13,"to-read
[edit]","Oct 31, 2020"
Hood Feminism: Notes from the Women That a Movement Forgot,"Kendall, Mikki *",525560548,4.45,"to-read
[edit]","Oct 31, 2020"
The Beauty in Breaking,"Harper, Michele",525537384,3.88,"to-read
[edit]","Oct 31, 2020"
"The Address Book: What Street Addresses Reveal About Identity, Race, Wealth, and Power","Mask, Deirdre *",1250134765,4.15,"to-read
[edit]","Oct 31, 2020"
Untamed,"Doyle, Glennon *",1984801252,4.12,"to-read
[edit]","Oct 31, 2020"
Nobody Will Tell You This But Me: A True (as Told to Me) Story,"Kalb, Bess",525654712,4.27,"to-read
[edit]","Oct 31, 2020"
A Promised Land,"Obama, Barack *",1524763160,4.48,"to-read
[edit]","Oct 31, 2020"
"Other Minds: The Octopus, the Sea, and the Deep Origins of Consciousness","Godfrey-Smith, Peter",374227764,3.86,"to-read
[edit]","Oct 16, 2020"
The Unfolding of Language: An Evolutionary Tour of Mankind's Greatest Invention,"Deutscher, Guy",805080120,4.19,"to-read
[edit]","Oct 01, 2020"
Dishing the Dirt: The Hidden Lives of House Cleaners,"Duerden, Nick",1912454467,4.17,"to-read
[edit]","Oct 01, 2020"
Between the Stops: The View of My Life from the Top of the Number 12 Bus,"Toksvig, Sandi",,4.41,"to-read
[edit]","Sep 29, 2020"
So You Want to Talk About Race,"Oluo, Ijeoma",1580056776,4.52,"to-read
[edit]","Sep 13, 2020"
Spoon-Fed: Why Almost Everything We’ve Been Told About Food is Wrong,"Spector, Tim",1473576407,4.06,"to-read
[edit]","Sep 06, 2020"
"How We Learn: The Surprising Truth About When, Where, and Why It Happens","Carey, Benedict",812993888,3.92,"to-read
[edit]","Sep 06, 2020"
How to grow your own poem,"Clanchy, Kate *",,5,"to-read
[edit]","Aug 30, 2020"
Breath: The New Science of a Lost Art,"Nestor, James",735213615,4.23,"to-read
[edit]","Aug 16, 2020"
On Palestine,"Chomsky, Noam",1608464709,4.11,"to-read
[edit]","Aug 03, 2020"
Mr. Loverman,"Evaristo, Bernardine",241145783,4.22,"to-read
[edit]","Jul 11, 2020"
"This Too Shall Pass: Stories of Change, Crisis and Hopeful Beginnings","Samuel, Julia",241348862,3.89,"to-read
[edit]","Jul 05, 2020"
Wanderland,"Reddy, Jini",147295193X,3.57,"to-read
[edit]","Jun 28, 2020"
A History of Solitude,"Vincent, David",1509536604,3.44,"to-read
[edit]","Jun 28, 2020"
Active Measures: The Secret History of Disinformation and Political Warfare,"Rid, Thomas *",374287260,4.26,"to-read
[edit]","Jun 28, 2020"
Hitting a Straight Lick with a Crooked Stick: Stories from the Harlem Renaissance,"Hurston, Zora Neale",62915797,3.95,"to-read
[edit]","Jun 28, 2020"
"Dirt: Adventures in Lyon as a chef in training, father, and sleuth looking for the secret of French cooking","Buford, Bill",,3.6,"to-read
[edit]","Jun 28, 2020"
Unleashed: The Unapologetic Leader's Guide to Empowering Everyone Around You,"Frei, Frances",,4.2,"to-read
[edit]","Jun 28, 2020"
Poverty Is Not Natural,"Curtis, George",856835250,3.09,"to-read
[edit]","Jun 28, 2020"
The Uncounted,"Cobham, Alex",1509536019,4,"to-read
[edit]","Jun 28, 2020"
Djinn Patrol on the Purple Line,"Anappara, Deepa",593129199,3.86,"to-read
[edit]","Jun 28, 2020"
The Restaurant: A History of Eating Out,"Sitwell, William",147117963X,3.59,"to-read
[edit]","Jun 28, 2020"
Lessons from a Warzone: How to be a Resilient Leader in Times of Crisis,"Al Roumani, Louai *",241404851,4.12,"to-read
[edit]","Jun 28, 2020"
"A World Without Work: Technology, Automation, and How We Should Respond","Susskind, Daniel",,3.83,"to-read
[edit]","Jun 28, 2020"
In the Land of Men: A Memoir,"Miller, Adrienne",62682415,3.27,"to-read
[edit]","Jun 28, 2020"
And Their Children After Them,"Mathieu, Nicolas",,3.86,"to-read
[edit]","Jun 28, 2020"
"Hi Five (IQ, #4)","Ide, Joe",,3.52,"to-read
[edit]","Jun 28, 2020"
In Praise of Older Women: The Amorous Recollections of András Vajda,"Vizinczey, Stephen *",226858863,3.81,"to-read
[edit]","Jun 26, 2020"
More Manto: English Translations of Manto's Writings,"Manto, Saadat Hasan",,4,"to-read
[edit]","Jun 26, 2020"
The Lady's Handbook for Her Mysterious Illness,"Ramey, Sarah",385534078,3.69,"to-read
[edit]","Jun 26, 2020"
"Bland Fanatics: Liberals, the West, and the Afterlives of Empire","Mishra, Pankaj",374293317,4.02,"to-read
[edit]","Jun 26, 2020"
"Time of the Magicians: Wittgenstein, Benjamin, Cassirer, Heidegger, and the Decade That Reinvented Philosophy","Eilenberger, Wolfram",,3.91,"to-read
[edit]","Jun 26, 2020"
The Mystery of Henri Pick,"Foenkinos, David",,3.65,"to-read
[edit]","Jun 21, 2020"
Such a Fun Age,"Reid, Kiley",052554190X,3.85,"to-read
[edit]","Jun 21, 2020"
Rainbow Milk,"Mendez, Paul",349700591,4.04,"to-read
[edit]","Jun 21, 2020"
Bazaar: Vibrant vegetarian and plant-based recipes,"Ghayour, Sabrina",,4.19,"to-read
[edit]","Jun 19, 2020"
Barracoon: The Story of the Last Slave,"Hurston, Zora Neale",8297665,4.01,"to-read
[edit]","Jun 03, 2020"
The Good Immigrant,"Shukla, Nikesh *",178352295X,4.34,"to-read
[edit]","Jun 03, 2020"
Inglorious Empire: What the British Did to India,"Tharoor, Shashi",1849048088,4.16,"to-read
[edit]","Jun 03, 2020"
Men We Reaped,"Ward, Jesmyn *",160819521X,4.25,"to-read
[edit]","Jun 03, 2020"
Freedom Is a Constant Struggle,"Davis, Angela Y.",1608465640,4.38,"to-read
[edit]","Jun 03, 2020"
"Ramble Book: Musings on Childhood, Friendship, Family and 80s Pop Culture","Buxton, Adam",,4.25,"to-read
[edit]","May 31, 2020"
The Vanishing Half,"Bennett, Brit *",,4.29,"to-read
[edit]","May 21, 2020"
South from Granada: A Sojourn in Southern Spain,"Brenan, Gerald",156836184X,3.89,"to-read
[edit]","May 08, 2020"
Family Romance: A Love Story,"Lanchester, John",399153004,3.85,"to-read
[edit]","Apr 24, 2020"
Leaving Atlanta,"Jones, Tayari *",446690899,4.02,"to-read
[edit]","Apr 23, 2020"
Silver Sparrow,"Jones, Tayari *",1565129903,3.91,"to-read
[edit]","Apr 23, 2020"
Fahrenheit 451,"Hamilton, Tim *",,3.91,"to-read
[edit]","Apr 19, 2020"
"Nudge: Improving Decisions About Health, Wealth, and Happiness","Thaler, Richard H.",014311526X,3.84,"to-read
[edit]","Apr 09, 2020"
Misbehaving: The Making of Behavioral Economics,"Thaler, Richard H.",039335279X,4.19,"to-read
[edit]","Apr 09, 2020"
Test Driven Development: By Example,"Beck, Kent",321146530,4.08,"to-read
[edit]","Mar 06, 2020"
Overcoming Relationship Problems,"Crowe, Michael",1845290666,3.4,"to-read
[edit]","Mar 02, 2020"
The Quarry,"Banks, Iain",,3.6,"to-read
[edit]","Feb 29, 2020"
The Crow Road,"Banks, Iain",,4.05,"to-read
[edit]","Feb 29, 2020"
How to Have Impossible Conversations: A Very Practical Guide,"Boghossian, Peter *",738285323,3.98,"to-read
[edit]","Feb 07, 2020"
"The Hate U Give (The Hate U Give, #1)","Thomas, Angie *",62498533,4.51,"to-read
[edit]","Feb 05, 2020"
Another Day in the Death of America: A Chronicle of Ten Short Lives,"Younge, Gary",1568589751,4.24,"to-read
[edit]","Feb 05, 2020"
Meetings with Remarkable Manuscripts,"Hamel, Christopher de",241003040,4.45,"to-read
[edit]","Feb 05, 2020"
All Out War: The Full Story of How Brexit Sank Britain's Political Class,"Shipman, Tim",,4.33,"to-read
[edit]","Feb 05, 2020"
The Sellout,"Beatty, Paul",374260508,3.76,"to-read
[edit]","Feb 05, 2020"
"East West Street: On the Origins of ""Genocide"" and ""Crimes Against Humanity""","Sands, Philippe",385350716,4.47,"to-read
[edit]","Feb 05, 2020"
Between the World and Me,"Coates, Ta-Nehisi",812993543,4.39,"to-read
[edit]","Feb 02, 2020"
The Sixth Extinction: An Unnatural History,"Kolbert, Elizabeth",805092994,4.13,"to-read
[edit]","Feb 02, 2020"
The Miniaturist,"Burton, Jessie",62306812,3.6,"to-read
[edit]","Feb 02, 2020"
The Reason I Jump: The Inner Voice of a Thirteen-Year-Old Boy with Autism,"Higashida, Naoki",812994868,3.81,"to-read
[edit]","Jan 30, 2020"
The Luminaries,"Catton, Eleanor",316074314,3.72,"to-read
[edit]","Jan 30, 2020"
Capital in the Twenty-First Century,"Piketty, Thomas",067443000X,4.04,"to-read
[edit]","Jan 30, 2020"
A Card from Angela Carter,"Clapp, Susannah",1408826909,3.76,"to-read
[edit]","Jan 30, 2020"
Now All Roads Lead To France,"Hollis, Matthew",571245986,4.08,"to-read
[edit]","Jan 28, 2020"
Why Be Happy When You Could Be Normal?,"Winterson, Jeanette",307401243,3.97,"to-read
[edit]","Jan 28, 2020"
The Immortal Life of Henrietta Lacks,"Skloot, Rebecca *",1400052173,4.07,"to-read
[edit]","Jan 28, 2020"
"Slow Horses (Slough House, #1)","Herron, Mick",1569479011,3.87,"to-read
[edit]","Jan 28, 2020"
"Leviathan: Or, The Whale","Hoare, Philip",7230141,3.95,"to-read
[edit]","Jan 28, 2020"
"Olive Kitteridge (Olive Kitteridge, #1)","Strout, Elizabeth",,3.83,"to-read
[edit]","Jan 28, 2020"
Fun Home: A Family Tragicomic,"Bechdel, Alison",618871713,4.07,"to-read
[edit]","Jan 28, 2020"
Watching the English: The Hidden Rules of English Behaviour,"Fox, Kate",340752122,3.92,"to-read
[edit]","Jan 27, 2020"
London Orbital,"Sinclair, Iain",141014741,3.68,"to-read
[edit]","Jan 27, 2020"
The Secret Life of Bees,"Kidd, Sue Monk *",142001740,4.06,"to-read
[edit]","Jan 27, 2020"
English Passengers,"Kneale, Matthew",038549744X,4.06,"to-read
[edit]","Jan 27, 2020"
Bad Blood,"Sage, Lorna",60938080,3.55,"to-read
[edit]","Jan 27, 2020"
Tales from Outer Suburbia,"Tan, Shaun",771084021,4.32,"to-read
[edit]","Jan 20, 2020"
A Youthful Diary,"Ikeda, Daisaku",915678683,4.66,"to-read
[edit]","Jan 13, 2020"
The Righteous Mind: Why Good People Are Divided by Politics and Religion,"Haidt, Jonathan",,4.21,"to-read
[edit]","Nov 27, 2019"
Death in the East (Sam Wyndham # 4),"Mukherjee, Abir *",1787300579,4.29,"to-read
[edit]","Nov 24, 2019"
Somewhere Becoming Rain: Collected Writings on Philip Larkin,"James, Clive",1529028825,4.2,"to-read
[edit]","Nov 24, 2019"
The Topeka School,"Lerner, Ben",374277788,3.53,"to-read
[edit]","Nov 24, 2019"
Autumn Light: Season of Fire and Farewells,"Iyer, Pico",451493931,3.99,"to-read
[edit]","Nov 24, 2019"
Sour: More Than Mere Taste: the Magical Element that Transforms Your Cooking,"Diacono, Mark",1787132269,4.46,"to-read
[edit]","Nov 24, 2019"
"The Gaijin Cookbook: Japanese Recipes from a Chef, Father, Eater, and Lifelong Outsider","Orkin, Ivan",,4.15,"to-read
[edit]","Nov 24, 2019"
"Time and How to Spend It: The 7 Rules for Richer, Happier Days","Wallman, James *",753552663,3.5,"to-read
[edit]","Nov 23, 2019"
The Weather Machine: A Journey Inside the Forecast,"Blum, Andrew *",62368613,3.45,"to-read
[edit]","Nov 23, 2019"
Without the Banya We Would Perish: A History of the Russian Bathhouse,"Pollock, Ethan",195395484,3.4,"to-read
[edit]","Nov 23, 2019"
The Boundless Sea: A Human History of the Oceans,"Abulafia, David",1846145082,4.25,"to-read
[edit]","Nov 23, 2019"
The Code: Silicon Valley and the Remaking of America,"O'Mara, Margaret",,3.97,"to-read
[edit]","Nov 23, 2019"
"Legacy: One Family, a Cup of Tea and the Company that Took On the World","Harding, Thomas *",1785150898,4.21,"to-read
[edit]","Nov 23, 2019"
21 Letters on Life and Its Challenges,"Handy, Charles",1786331950,4.43,"to-read
[edit]","Nov 23, 2019"
Range: Why Generalists Triumph in a Specialized World,"Epstein, David *",735214484,4.16,"to-read
[edit]","Nov 23, 2019"
Anxious Times: Medicine and Modernity in Nineteenth-Century Britain,"Bonea, Amelia",822945517,3,"to-read
[edit]","Nov 23, 2019"
Narrative Economics: How Stories Go Viral and Drive Major Economic Events,"Shiller, Robert J.",691182299,3.62,"to-read
[edit]","Nov 23, 2019"
"Extreme Economies: Survival, Failure, Future – Lessons from the World’s Limits","Davies, Richard",1787631990,4.18,"to-read
[edit]","Nov 23, 2019"
Unbound: How Inequality Constricts Our Economy and What We Can Do about It,"Boushey, Heather",674919319,4.25,"to-read
[edit]","Nov 23, 2019"
The Miracle of Castel di Sangro: A Tale of Passion and Folly in the Heart of Italy,"McGinniss, Joe",767905997,4.19,"to-read
[edit]","Nov 06, 2019"
"We Are All Stardust: Leading Scientists Talk About Their Work, Their Lives, and the Mysteries of Our Existence","Klein, Stefan",1615190597,4.15,"to-read
[edit]","Nov 06, 2019"
Dealers of Lightning: Xerox PARC and the Dawn of the Computer Age,"Hiltzik, Michael A.",887309895,4.12,"to-read
[edit]","Nov 06, 2019"
Mrs. Everything,"Weiner, Jennifer *",1501133489,3.85,"to-read
[edit]","Nov 05, 2019"
The Island of Sea Women,"See, Lisa *",,4.25,"to-read
[edit]","Nov 05, 2019"
Save Me the Plums: My Gourmet Memoir,"Reichl, Ruth",1400069998,4.1,"to-read
[edit]","Nov 05, 2019"
Will My Cat Eat My Eyeballs? Big Questions from Tiny Mortals About Death,"Doughty, Caitlin",039365270X,4.15,"to-read
[edit]","Nov 05, 2019"
Underland,"Macfarlane, Robert *",393242145,4.23,"to-read
[edit]","Nov 05, 2019"
Invisible Women: Data Bias in a World Designed for Men,"Criado Perez, Caroline",1419729071,4.41,"to-read
[edit]","Nov 05, 2019"
How To: Absurd Scientific Advice for Common Real-World Problems,"Munroe, Randall *",525537090,4.18,"to-read
[edit]","Nov 05, 2019"
Never Enough: The Neuroscience and Experience of Addiction,"Grisel, Judith",385542844,4.08,"to-read
[edit]","Nov 05, 2019"
Blueprint: The Evolutionary Origins of a Good Society,"Christakis, Nicholas A.",316230030,3.96,"to-read
[edit]","Nov 05, 2019"
Say Nothing: A True Story of Murder and Memory in Northern Ireland,"Keefe, Patrick Radden",385521316,4.42,"to-read
[edit]","Nov 05, 2019"
Upheaval: Turning Points for Nations in Crisis,"Diamond, Jared",316409138,3.88,"to-read
[edit]","Nov 05, 2019"
How to Hide an Empire: A History of the Greater United States,"Immerwahr, Daniel",374172145,4.45,"to-read
[edit]","Nov 05, 2019"
"Maybe You Should Talk to Someone: A Therapist, Her Therapist, and Our Lives Revealed","Gottlieb, Lori *",1328662055,4.37,"to-read
[edit]","Nov 05, 2019"
"Furious Hours: Murder, Fraud, and the Last Trial of Harper Lee","Cep, Casey *",1101947861,3.8,"to-read
[edit]","Nov 05, 2019"
American Predator: The Hunt for the Most Meticulous Serial Killer of the 21st Century,"Callahan, Maureen",052542864X,4.08,"to-read
[edit]","Nov 05, 2019"
Long Live the Tribe of Fatherless Girls,"Madden, T Kira *",1635571855,4.28,"to-read
[edit]","Nov 05, 2019"
"Inheritance: A Memoir of Genealogy, Paternity, and Love","Shapiro, Dani *",1524732710,3.89,"to-read
[edit]","Nov 05, 2019"
"Maid: Hard Work, Low Pay, and a Mother's Will to Survive","Land, Stephanie *",316505110,3.73,"to-read
[edit]","Nov 05, 2019"
More Than Enough: Claiming Space for Who You Are,"Welteroth, Elaine",525561587,4.43,"to-read
[edit]","Nov 05, 2019"
A Woman Is No Man,"Rum, Etaf *",62699768,4.25,"to-read
[edit]","Nov 05, 2019"
On Earth We're Briefly Gorgeous,"Vuong, Ocean",525562028,4.04,"to-read
[edit]","Nov 05, 2019"
England: Poems from a School,"Clanchy, Kate *",1509886605,4.64,"to-read
[edit]","Nov 04, 2019"
Newborn,"Clanchy, Kate *",330419315,4.25,"to-read
[edit]","Nov 04, 2019"
The Not-Dead and The Saved and Other Stories,"Clanchy, Kate *",,3.95,"to-read
[edit]","Nov 04, 2019"
Bad Blood: Secrets and Lies in a Silicon Valley Startup,"Carreyrou, John",152473165X,4.4,"to-read
[edit]","Oct 17, 2019"
Gotta Get Theroux This: My Life and Strange Times in Television,"Theroux, Louis",1509880364,3.94,"to-read
[edit]","Sep 30, 2019"
Why We Sleep: Unlocking the Power of Sleep and Dreams,"Walker, Matthew",,4.37,"to-read
[edit]","Aug 25, 2019"
Beloved,"Morrison, Toni",1400033411,3.87,"to-read
[edit]","Aug 06, 2019"
The Perseverance,"Antrobus, Raymond",1908058528,4.34,"to-read
[edit]","Jul 03, 2019"
Staying Power: The History of Black People in Britain,"Fryer, Peter",861047494,4.36,"to-read
[edit]","Jun 28, 2019"
"Enlightenment Now: The Case for Reason, Science, Humanism, and Progress","Pinker, Steven *",525427570,4.23,"to-read
[edit]","Jun 21, 2019"
"Working: Researching, Interviewing, Writing","Caro, Robert A.",525656340,4.43,"to-read
[edit]","Jun 21, 2019"
Digital Minimalism: Choosing a Focused Life in a Noisy World,"Newport, Cal",,4.07,"to-read
[edit]","Jun 21, 2019"
A Fistful of Shells: West Africa from the Rise of the Slave Trade to the Age of Revolution,"Green, Toby",241003172,4.09,"to-read
[edit]","Jun 21, 2019"
Patsy,"Dennis-Benn, Nicole *",1631495631,3.89,"to-read
[edit]","Jun 21, 2019"
"""I Will Not Be Erased"": Our stories about growing up as people of colour",gal-dem,,4.33,"to-read
[edit]","May 26, 2019"
Bad Behavior,"Gaitskill, Mary",679723277,3.89,"to-read
[edit]","May 14, 2019"
Trick Mirror: Reflections on Self-Delusion,"Tolentino, Jia *",525510540,4.17,"to-read
[edit]","May 14, 2019"
Letters from London: Seven Essays by C.L.R. James,"James, C.L.R.",1902669614,3.45,"to-read
[edit]","Mar 23, 2019"
The Quiet American,"Greene, Graham",143039024,3.95,"to-read
[edit]","Mar 04, 2019"
Graham Greene: A Life in Letters,"Greene, Graham",316727938,4.1,"to-read
[edit]","Mar 04, 2019"
A Sort Of Life,"Greene, Graham",671782185,3.71,"to-read
[edit]","Mar 04, 2019"
The Sisterhood: A Love Letter to the Women Who Have Shaped Me,"Buchanan, Daisy",1472238850,3.72,"to-read
[edit]","Feb 21, 2019"
The Life and Times of the Thunderbolt Kid,"Bryson, Bill",076791936X,3.93,"to-read
[edit]","Feb 17, 2019"
The First Fifteen Lives of Harry August,"North, Claire",,4.02,"to-read
[edit]","Jan 02, 2019"
Liquid Rules: The Delightful and Dangerous Substances That Flow Through Our Lives,"Miodownik, Mark",054485019X,4.13,"to-read
[edit]","Nov 27, 2018"
Make It Ahead: A Barefoot Contessa Cookbook,"Garten, Ina *",307464881,4.14,"to-read
[edit]","Nov 02, 2018"
The Order of Time,"Rovelli, Carlo",073521610X,4.1,"to-read
[edit]","Nov 02, 2018"
Broad Band: The Untold Story of the Women Who Made the Internet,"Evans, Claire L *",735211752,3.98,"to-read
[edit]","Nov 02, 2018"
Heart Berries,"Mailhot, Terese Marie *",1619023342,3.84,"to-read
[edit]","Nov 02, 2018"
Skin in the Game: Hidden Asymmetries in Daily Life,"Taleb, Nassim Nicholas *",042528462X,3.88,"to-read
[edit]","Nov 02, 2018"
Morvern Callar,"Warner, Alan",038548741X,3.69,"to-read
[edit]","Nov 02, 2018"
Fruit of the Drunken Tree,"Contreras, Ingrid Rojas *",,3.95,"to-read
[edit]","Nov 02, 2018"
The Pragmatic Programmer: From Journeyman to Master,"Hunt, Andy *",020161622X,4.32,"to-read
[edit]","Sep 27, 2018"
Diana Henry: A free selection of recipes from the award-winning food writer,"Henry, Diana",,3.64,"to-read
[edit]","Sep 13, 2018"
Things I Don't Want to Know,"Levy, Deborah",1907903631,4.13,"to-read
[edit]","Sep 12, 2018"
Facts Are Subversive: Political Writing from a Decade without a Name,"Garton Ash, Timothy",1848870892,3.73,"to-read
[edit]","Aug 30, 2018"
The Letters Of Evelyn Waugh,"Waugh, Evelyn",1857992458,4.15,"to-read
[edit]","Aug 30, 2018"
"Clothes, Clothes, Clothes. Music, Music, Music. Boys, Boys, Boys","Albertine, Viv",571297757,4.26,"to-read
[edit]","Jul 27, 2018"
Naked,"Sedaris, David",,4.09,"to-read
[edit]","Jul 15, 2018"
The Immeasurable World: Journeys in Desert Places,"Atkins, William",571319726,3.52,"to-read
[edit]","Jul 03, 2018"
Sea Room: An Island Life in the Hebrides,"Nicolson, Adam",865476365,3.95,"to-read
[edit]","Jul 03, 2018"
Utopia Parkway: The Life and Work of Joseph Cornell,"Solomon, Deborah *",878466843,4.08,"to-read
[edit]","Jan 08, 2018"
The House of Wittgenstein: A Family at War,"Waugh, Alexander",385520603,3.75,"to-read
[edit]","Jan 08, 2018"
The Greatest Comeback: From Genocide To Football Glory: The Story of Béla Guttman,"Bolchover, David *",,4.06,"to-read
[edit]","Dec 25, 2017"
"Resurrection Bay (Caleb Zelic, #1)","Viskic, Emma *",,3.76,"to-read
[edit]","Dec 08, 2017"
Building Microservices: Designing Fine-Grained Systems,"Newman, Sam",1491950358,4.18,"to-read
[edit]","Nov 27, 2017"
"Dear Ijeawele, or a Feminist Manifesto in Fifteen Suggestions","Adichie, Chimamanda Ngozi",152473313X,4.52,"to-read
[edit]","Nov 22, 2017"
How Dare the Sun Rise: Memoirs of a War Child,"Uwiringiyimana, Sandra",62470140,4.28,"to-read
[edit]","Nov 22, 2017"
The Alice Network,"Quinn, Kate *",62654195,4.27,"to-read
[edit]","Nov 22, 2017"
Let Us Now Praise Famous Men,"Agee, James",141188499,4.04,"to-read
[edit]","Sep 28, 2017"
Lit,"Karr, Mary",60596988,3.92,"to-read
[edit]","Sep 28, 2017"
Me Talk Pretty One Day,"Sedaris, David",349113912,3.99,"to-read
[edit]","Sep 28, 2017"
All Over But the Shoutin',"Bragg, Rick",679774025,4.11,"to-read
[edit]","Sep 28, 2017"
This Boy's Life,"Wolff, Tobias",802136680,3.98,"to-read
[edit]","Sep 28, 2017"
The Woman Warrior,"Kingston, Maxine Hong",679721886,3.73,"to-read
[edit]","Sep 28, 2017"
Existential Psychotherapy,"Yalom, Irvin D.",465021476,4.41,"to-read
[edit]","Aug 22, 2017"
You Don't Look Your Age...and Other Fairy Tales,"Nevins, Sheila",1250111323,3.36,"to-read
[edit]","Jul 05, 2017"
Universal Harvester,"Darnielle, John *",374282102,3.23,"to-read
[edit]","Jul 05, 2017"
"The Joy of Less, A Minimalist Living Guide: How to Declutter, Organize, and Simplify Your Life","Jay, Francine *",,3.8,"to-read
[edit]","Jul 05, 2017"
Words for a Deaf Daughter,"West, Paul",385231164,3.83,"to-read
[edit]","Jun 08, 2017"
Green Island,"Ryan, Shawna Yang *",1101874252,4.01,"to-read
[edit]","Apr 26, 2017"
Gut Instinct: What Your Stomach is Trying to Tell You,"Pallardy, Pierre",1594865426,3.35,"to-read
[edit]","Feb 25, 2017"
The Great Divorce,"Lewis, C.S.",6280560,4.28,"to-read
[edit]","Feb 21, 2017"
Teaching My Mother How to Give Birth,"Shire, Warsan *",1905233299,4.3,"to-read
[edit]","Jan 02, 2017"
Her Blue Body,"Shire, Warsan *",1905233485,4.64,"to-read
[edit]","Jan 02, 2017"
Titanic,"Minamore, Bridget",,4.3,"to-read
[edit]","Jan 02, 2017"
The Moon Reminded Me,"O'Brian, Ellen Grace *",1938846990,3.95,"to-read
[edit]","Jan 02, 2017"
Salt: A World History,"Kurlansky, Mark",142001619,3.74,"to-read
[edit]","Dec 29, 2016"
The Course of Love,"de Botton, Alain *",241145473,4.05,"to-read
[edit]","Dec 17, 2016"
On Love,"de Botton, Alain *",802142400,3.99,"to-read
[edit]","Dec 17, 2016"
Status Anxiety,"de Botton, Alain *",375725350,3.91,"to-read
[edit]","Sep 07, 2016"
Sérgio Y. vai à América,"Porto, Alexandre Vidal",,3.78,"to-read
[edit]","Sep 05, 2016"
Boomerang: Travels in the New Third World,"Lewis, Michael",393343448,3.9,"to-read
[edit]","Sep 02, 2016"
Feel the Fear and Do It Anyway,"Jeffers, Susan",449902927,4.03,"to-read
[edit]","Aug 07, 2016"
"The Art of Living: The Classical Manual on Virtue, Happiness and Effectiveness",Epictetus,006251346X,4.24,"to-read
[edit]","Aug 07, 2016"
"Don't Make Me Think, Revisited: A Common Sense Approach to Web Usability","Krug, Steve *",321965515,4.25,"to-read
[edit]","Aug 07, 2016"
TED Talks: The Official TED Guide to Public Speaking,"Anderson, Chris J.",544634497,4.15,"to-read
[edit]","May 27, 2016"
Ultimate Questions,"Magee, Bryan",691170657,3.96,"to-read
[edit]","May 01, 2016"
How to Fail at Almost Everything and Still Win Big: Kind of the Story of My Life,"Adams, Scott",1591846919,4.1,"to-read
[edit]","May 01, 2016"
Man with a Shattered World: The History of a Brain Wound,"Luria, Alexander R.",674546253,4.11,"to-read
[edit]","May 01, 2016"
Child's Talk: Learning to Use Language,"Bruner, Jerome S.",393953459,4,"to-read
[edit]","Sep 23, 2015"
Failure is Not an Option: Mission Control From Mercury to Apollo 13 and Beyond,"Kranz, Gene",425179877,4.28,"to-read
[edit]","Sep 23, 2015"
The Demon-Haunted World: Science as a Candle in the Dark,"Sagan, Carl",345409469,4.27,"to-read
[edit]","Sep 22, 2015"
"Thinking, Fast and Slow","Kahneman, Daniel",374275637,4.16,"to-read
[edit]","Sep 22, 2015"